name,surname,telephone,tariff,minutes
Квентин,Тарантино,328632,Безлимитный,250
Ричард,Гир,900457,Комбинированный,300
Диана,Орлова,204966,Безлимитный,700
Исаак,Ньютон,596392,Повременный,450
Альберт,Эйнштейн,519289,Комбинированный,100
Джордж,Вашингтон,124226,Безлимитный,900
Рене,Декарт,454483,Комбинированный,340
Стив,Джобс,741467,Безлимитный,670
Дейл,Карнеги,846768,Повременный,200
Коко,Шанель,782455,Безлимитный,240
Билл,Гейтс,763938,Повременный,645
Эрвин,Шрёдингер,864782,Комбинированный,180
Майкл,Джексон,757280,Безлимитный,110
Уильям,Шекспир,937489,Повременный,500
Фридрих,Ницше,821585,Безлимитный,1000
Марк,Цукерберг,821585,Повременный,990
Чарльз,Дарвин,823560,Комбинированный,500
Чарли,Чаплин,450467,Безлимитный,600
Джордж,Клуни,241002,Повременный,270